Name,Year,Visitors
Acadia,2019,3437286
Acadia,2018,3537575
Acadia,2017,3509271
Acadia,2016,3303393
Acadia,2015,2811184
Acadia,2014,2563129
Acadia,2013,2254922
Acadia,2012,2431052
Acadia,2011,2374645
Acadia,2010,2504208
Acadia,2009,2227698
Acadia,2008,2075857
Acadia,2007,2202228
Acadia,2006,2083588
Acadia,2005,2051484
Acadia,2004,2207847
Acadia,2003,2431062
Acadia,2002,2558572
Acadia,2001,2516551
Acadia,2000,2469238
Acadia,1999,2602227
Acadia,1998,2594497
Acadia,1997,2760306
Acadia,1996,2704831
Acadia,1995,2845378
Acadia,1994,2710749
Acadia,1993,2656034
Acadia,1992,2382113
Acadia,1991,2475857
Acadia,1990,2339591
Acadia,1989,5440952
Acadia,1988,4502283
Acadia,1987,4288154
Acadia,1986,3929054
Acadia,1985,3745570
Acadia,1984,3734763
Acadia,1983,4124639
Acadia,1982,3572114
Acadia,1981,2997972
Acadia,1980,2779666
Acadia,1979,2787366
Arches,2019,102397
Arches,2018,103044
Arches,2017,113960
Arches,2016,303139
Arches,2015,412640
Arches,2014,278776
Arches,2013,317660
Arches,2012,320668
Arches,2011,258917
Arches,2010,216220
Arches,2009,185443
Arches,2008,178748
Arches,2007,149255
Arches,2006,145804
Arches,2005,136827
Arches,2004,152453
Arches,2003,155031
Arches,2002,177219
Arches,2001,190422
Arches,2000,196363
Arches,1999,198665
Arches,1998,201874
Arches,1997,204862
Arches,1996,205938
Arches,1995,223288
Arches,1994,273768
Arches,1993,211557
Arches,1992,311921
Arches,1991,321668
Arches,1990,402947
Arches,1989,377440
Arches,1988,312693
Arches,1987,336075
Arches,1986,323784
Arches,1985,277613
Arches,1984,318027
Arches,1983,246277
Arches,1982,240405
Arches,1981,244968
Arches,1980,218724
Arches,1979,208411
Badlands,2019,970998
Badlands,2018,1008942
Badlands,2017,1054325
Badlands,2016,996263
Badlands,2015,989354
Badlands,2014,868094
Badlands,2013,892372
Badlands,2012,883406
Badlands,2011,870741
Badlands,2010,977778
Badlands,2009,933918
Badlands,2008,845734
Badlands,2007,886654
Badlands,2006,840118
Badlands,2005,909146
Badlands,2004,936030
Badlands,2003,871034
Badlands,2002,908898
Badlands,2001,955469
Badlands,2000,1105824
Badlands,1999,950453
Badlands,1998,1021049
Badlands,1997,970696
Badlands,1996,1024705
Badlands,1995,1075569
Badlands,1994,1130459
Badlands,1993,1179458
Badlands,1992,1205297
Badlands,1991,1518396
Badlands,1990,1326475
Badlands,1989,1237956
Badlands,1988,1110040
Badlands,1987,1174398
Badlands,1986,1025630
Badlands,1985,950242
Badlands,1984,1113675
Badlands,1983,1026981
Badlands,1982,1030484
Badlands,1981,1175952
Badlands,1980,952652
Badlands,1979,858000
Big_Bend,2019,463832
Big_Bend,2018,440091
Big_Bend,2017,440276
Big_Bend,2016,388290
Big_Bend,2015,381747
Big_Bend,2014,314102
Big_Bend,2013,316953
Big_Bend,2012,292055
Big_Bend,2011,361862
Big_Bend,2010,372330
Big_Bend,2009,363905
Big_Bend,2008,362512
Big_Bend,2007,364856
Big_Bend,2006,298717
Big_Bend,2005,398583
Big_Bend,2004,357723
Big_Bend,2003,312384
Big_Bend,2002,327747
Big_Bend,2001,328927
Big_Bend,2000,262320
Big_Bend,1999,327649
Big_Bend,1998,338442
Big_Bend,1997,305882
Big_Bend,1996,279454
Big_Bend,1995,295460
Big_Bend,1994,330417
Big_Bend,1993,327907
Big_Bend,1992,294535
Big_Bend,1991,296470
Big_Bend,1990,257378
Big_Bend,1989,281728
Big_Bend,1988,239595
Big_Bend,1987,227921
Big_Bend,1986,200622
Big_Bend,1985,188045
Big_Bend,1984,167665
Big_Bend,1983,164926
Big_Bend,1982,180144
Big_Bend,1981,167332
Big_Bend,1980,174008
Big_Bend,1979,282941
Biscayne,2019,708522
Biscayne,2018,469253
Biscayne,2017,446961
Biscayne,2016,514709
Biscayne,2015,508164
Biscayne,2014,525745
Biscayne,2013,486848
Biscayne,2012,495613
Biscayne,2011,476077
Biscayne,2010,467612
Biscayne,2009,437745
Biscayne,2008,686062
Biscayne,2007,517442
Biscayne,2006,608836
Biscayne,2005,563728
Biscayne,2004,478304
Biscayne,2003,490031
Biscayne,2002,513397
Biscayne,2001,489343
Biscayne,2000,393151
Biscayne,1999,442585
Biscayne,1998,403239
Biscayne,1997,392069
Biscayne,1996,338603
Biscayne,1995,584519
Biscayne,1994,25147
Biscayne,1993,19950
Biscayne,1992,307512
Biscayne,1991,488134
Biscayne,1990,573376
Biscayne,1989,589957
Biscayne,1988,531036
Biscayne,1987,607968
Biscayne,1986,578013
Biscayne,1985,460921
Biscayne,1984,340567
Biscayne,1983,369082
Biscayne,1982,348219
Biscayne,1981,305502
Biscayne,1980,248071
Biscayne,1979,202938
Black Canyon of the Gunnison,2019,432818
Black Canyon of the Gunnison,2018,308962
Black Canyon of the Gunnison,2017,307143
Black Canyon of the Gunnison,2016,238018
Black Canyon of the Gunnison,2015,209166
Black Canyon of the Gunnison,2014,183045
Black Canyon of the Gunnison,2013,175852
Black Canyon of the Gunnison,2012,192570
Black Canyon of the Gunnison,2011,168336
Black Canyon of the Gunnison,2010,176344
Black Canyon of the Gunnison,2009,171451
Black Canyon of the Gunnison,2008,160185
Black Canyon of the Gunnison,2007,219576
Black Canyon of the Gunnison,2006,160450
Black Canyon of the Gunnison,2005,180814
Black Canyon of the Gunnison,2004,175581
Black Canyon of the Gunnison,2003,167247
Black Canyon of the Gunnison,2002,173687
Black Canyon of the Gunnison,2001,181018
Black Canyon of the Gunnison,2000,191506
Black Canyon of the Gunnison,1999,200142
Black Canyon of the Gunnison,1998,193451
Black Canyon of the Gunnison,1997,209863
Black Canyon of the Gunnison,1996,200125
Black Canyon of the Gunnison,1995,221113
Black Canyon of the Gunnison,1994,214194
Black Canyon of the Gunnison,1993,319322
Black Canyon of the Gunnison,1992,337209
Black Canyon of the Gunnison,1991,316336
Black Canyon of the Gunnison,1990,275323
Black Canyon of the Gunnison,1989,288586
Black Canyon of the Gunnison,1988,269073
Black Canyon of the Gunnison,1987,285439
Black Canyon of the Gunnison,1986,289117
Black Canyon of the Gunnison,1985,266012
Black Canyon of the Gunnison,1984,253048
Black Canyon of the Gunnison,1983,291618
Black Canyon of the Gunnison,1982,227428
Black Canyon of the Gunnison,1981,266604
Black Canyon of the Gunnison,1980,336119
Black Canyon of the Gunnison,1979,234286
Bryce Canyon,2019,2594904
Bryce Canyon,2018,2679478
Bryce Canyon,2017,2571684
Bryce Canyon,2016,2365110
Bryce Canyon,2015,1745804
Bryce Canyon,2014,1435741
Bryce Canyon,2013,1311875
Bryce Canyon,2012,1385352
Bryce Canyon,2011,1296000
Bryce Canyon,2010,1285492
Bryce Canyon,2009,1216377
Bryce Canyon,2008,1043321
Bryce Canyon,2007,1012563
Bryce Canyon,2006,890676
Bryce Canyon,2005,1017681
Bryce Canyon,2004,987253
Bryce Canyon,2003,903760
Bryce Canyon,2002,886436
Bryce Canyon,2001,1068619
Bryce Canyon,2000,1099275
Bryce Canyon,1999,1081521
Bryce Canyon,1998,1166331
Bryce Canyon,1997,1174824
Bryce Canyon,1996,1269600
Bryce Canyon,1995,994548
Bryce Canyon,1994,1028134
Bryce Canyon,1993,1107951
Bryce Canyon,1992,1018174
Bryce Canyon,1991,929067
Bryce Canyon,1990,862659
Bryce Canyon,1989,808045
Bryce Canyon,1988,791348
Bryce Canyon,1987,718342
Bryce Canyon,1986,578018
Bryce Canyon,1985,500782
Bryce Canyon,1984,495104
Bryce Canyon,1983,472633
Bryce Canyon,1982,471517
Bryce Canyon,1981,474092
Bryce Canyon,1980,571541
Bryce Canyon,1979,558095
Canyonlands,2019,733996
Canyonlands,2018,739449
Canyonlands,2017,742271
Canyonlands,2016,776218
Canyonlands,2015,634607
Canyonlands,2014,542431
Canyonlands,2013,462242
Canyonlands,2012,452952
Canyonlands,2011,473773
Canyonlands,2010,435908
Canyonlands,2009,436241
Canyonlands,2008,436715
Canyonlands,2007,417560
Canyonlands,2006,392537
Canyonlands,2005,393381
Canyonlands,2004,371706
Canyonlands,2003,386986
Canyonlands,2002,367078
Canyonlands,2001,368592
Canyonlands,2000,401558
Canyonlands,1999,446160
Canyonlands,1998,436524
Canyonlands,1997,432697
Canyonlands,1996,447527
Canyonlands,1995,448769
Canyonlands,1994,429921
Canyonlands,1993,434844
Canyonlands,1992,395698
Canyonlands,1991,339315
Canyonlands,1990,276831
Canyonlands,1989,257411
Canyonlands,1988,212100
Canyonlands,1987,172384
Canyonlands,1986,172987
Canyonlands,1985,116672
Canyonlands,1984,102533
Canyonlands,1983,100022
Canyonlands,1982,97079
Canyonlands,1981,89915
Canyonlands,1980,56505
Canyonlands,1979,74545
Capitol Reef,2019,1226519
Capitol Reef,2018,1227627
Capitol Reef,2017,1150165
Capitol Reef,2016,1064904
Capitol Reef,2015,941029
Capitol Reef,2014,786514
Capitol Reef,2013,663670
Capitol Reef,2012,673345
Capitol Reef,2011,668834
Capitol Reef,2010,662661
Capitol Reef,2009,617208
Capitol Reef,2008,604811
Capitol Reef,2007,554907
Capitol Reef,2006,511511
Capitol Reef,2005,550255
Capitol Reef,2004,549708
Capitol Reef,2003,535441
Capitol Reef,2002,525646
Capitol Reef,2001,527760
Capitol Reef,2000,612656
Capitol Reef,1999,680153
Capitol Reef,1998,656026
Capitol Reef,1997,625680
Capitol Reef,1996,678012
Capitol Reef,1995,648864
Capitol Reef,1994,605324
Capitol Reef,1993,610707
Capitol Reef,1992,675837
Capitol Reef,1991,618056
Capitol Reef,1990,562477
Capitol Reef,1989,515278
Capitol Reef,1988,469556
Capitol Reef,1987,428808
Capitol Reef,1986,383742
Capitol Reef,1985,320503
Capitol Reef,1984,296230
Capitol Reef,1983,331734
Capitol Reef,1982,289486
Capitol Reef,1981,397789
Capitol Reef,1980,342788
Capitol Reef,1979,288860
Calsbad Caverns,2019,440691
Calsbad Caverns,2018,465912
Calsbad Caverns,2017,520026
Calsbad Caverns,2016,466773
Calsbad Caverns,2015,445720
Calsbad Caverns,2014,397309
Calsbad Caverns,2013,388566
Calsbad Caverns,2012,381058
Calsbad Caverns,2011,365000
Calsbad Caverns,2010,428524
Calsbad Caverns,2009,432639
Calsbad Caverns,2008,400381
Calsbad Caverns,2007,409560
Calsbad Caverns,2006,407367
Calsbad Caverns,2005,413786
Calsbad Caverns,2004,419599
Calsbad Caverns,2003,457631
Calsbad Caverns,2002,476259
Calsbad Caverns,2001,455621
Calsbad Caverns,2000,469303
Calsbad Caverns,1999,514418
Calsbad Caverns,1998,522076
Calsbad Caverns,1997,540797
Calsbad Caverns,1996,557217
Calsbad Caverns,1995,588609
Calsbad Caverns,1994,617087
Calsbad Caverns,1993,687161
Calsbad Caverns,1992,688742
Calsbad Caverns,1991,679450
Calsbad Caverns,1990,747016
Calsbad Caverns,1989,792378
Calsbad Caverns,1988,786135
Calsbad Caverns,1987,781300
Calsbad Caverns,1986,752552
Calsbad Caverns,1985,732482
Calsbad Caverns,1984,712989
Calsbad Caverns,1983,712247
Calsbad Caverns,1982,781963
Calsbad Caverns,1981,771766
Calsbad Caverns,1980,672963
Calsbad Caverns,1979,721647
Channel Islands,2019,409630
Channel Islands,2018,366250
Channel Islands,2017,383687
Channel Islands,2016,364807
Channel Islands,2015,324816
Channel Islands,2014,342161
Channel Islands,2013,212029
Channel Islands,2012,249594
Channel Islands,2011,242756
Channel Islands,2010,277515
Channel Islands,2009,348745
Channel Islands,2008,332177
Channel Islands,2007,360806
Channel Islands,2006,375256
Channel Islands,2005,434107
Channel Islands,2004,537716
Channel Islands,2003,585919
Channel Islands,2002,613935
Channel Islands,2001,520428
Channel Islands,2000,482571
Channel Islands,1999,607057
Channel Islands,1998,574270
Channel Islands,1997,488757
Channel Islands,1996,490715
Channel Islands,1995,525882
Channel Islands,1994,175226
Channel Islands,1993,184867
Channel Islands,1992,169181
Channel Islands,1991,149263
Channel Islands,1990,144083
Channel Islands,1989,152662
Channel Islands,1988,168592
Channel Islands,1987,174607
Channel Islands,1986,172913
Channel Islands,1985,164132
Channel Islands,1984,203411
Channel Islands,1983,205024
Channel Islands,1982,172287
Channel Islands,1981,87514
Channel Islands,1980,104574
Channel Islands,1979,82937
Congaree,2019,159445
Congaree,2018,145929
Congaree,2017,159595
Congaree,2016,143843
Congaree,2015,87513
Congaree,2014,120122
Congaree,2013,120340
Congaree,2012,109685
Congaree,2011,120166
Congaree,2010,121208
Congaree,2009,122970
Congaree,2008,104913
Congaree,2007,115524
Congaree,2006,134045
Congaree,2005,84301
Congaree,2004,126247
Congaree,2003,107114
Congaree,2002,101620
Congaree,2001,119738
Congaree,2000,95619
Congaree,1999,82223
Congaree,1998,93725
Congaree,1997,70716
Congaree,1996,62614
Congaree,1995,67949
Congaree,1994,67756
Congaree,1993,54669
Congaree,1992,40018
Congaree,1991,30975
Congaree,1990,23223
Congaree,1989,25445
Congaree,1988,26257
Congaree,1987,20312
Congaree,1986,16508
Congaree,1985,12332
Crater Lake,2019,704512
Crater Lake,2018,720659
Crater Lake,2017,711749
Crater Lake,2016,756344
Crater Lake,2015,614712
Crater Lake,2014,535508
Crater Lake,2013,523027
Crater Lake,2012,447251
Crater Lake,2011,423551
Crater Lake,2010,448319
Crater Lake,2009,446516
Crater Lake,2008,415686
Crater Lake,2007,468958
Crater Lake,2006,388972
Crater Lake,2005,447240
Crater Lake,2004,417066
Crater Lake,2003,479183
Crater Lake,2002,456620
Crater Lake,2001,457373
Crater Lake,2000,426883
Crater Lake,1999,417992
Crater Lake,1998,471865
Crater Lake,1997,451548
Crater Lake,1996,476957
Crater Lake,1995,496041
Crater Lake,1994,454215
Crater Lake,1993,381747
Crater Lake,1992,461668
Crater Lake,1991,456931
Crater Lake,1990,384941
Crater Lake,1989,430734
Crater Lake,1988,443430
Crater Lake,1987,460550
Crater Lake,1986,402789
Crater Lake,1985,390604
Crater Lake,1984,419829
Crater Lake,1983,379008
Crater Lake,1982,435589
Crater Lake,1981,503404
Crater Lake,1980,455143
Crater Lake,1979,410749
Cuyahoga Valley,2019,2237997
Cuyahoga Valley,2018,2096053
Cuyahoga Valley,2017,2226879
Cuyahoga Valley,2016,2423390
Cuyahoga Valley,2015,2284612
Cuyahoga Valley,2014,2189849
Cuyahoga Valley,2013,2103010
Cuyahoga Valley,2012,2299722
Cuyahoga Valley,2011,2161185
Cuyahoga Valley,2010,2492670
Cuyahoga Valley,2009,2589288
Cuyahoga Valley,2008,2828233
Cuyahoga Valley,2007,2486656
Cuyahoga Valley,2006,2468816
Cuyahoga Valley,2005,2533827
Cuyahoga Valley,2004,3306175
Cuyahoga Valley,2003,2879591
Cuyahoga Valley,2002,3217935
Cuyahoga Valley,2001,3123353
Cuyahoga Valley,2000,3324918
Cuyahoga Valley,1999,3324284
Cuyahoga Valley,1998,3467107
Cuyahoga Valley,1997,3527837
Cuyahoga Valley,1996,3455878
Cuyahoga Valley,1995,3195207
Cuyahoga Valley,1994,3266401
Cuyahoga Valley,1993,2266139
Cuyahoga Valley,1992,1430382
Cuyahoga Valley,1991,1358984
Cuyahoga Valley,1990,1200622
Cuyahoga Valley,1989,1159648
Cuyahoga Valley,1988,1229717
Cuyahoga Valley,1987,1113405
Cuyahoga Valley,1986,1042148
Cuyahoga Valley,1985,1004858
Cuyahoga Valley,1984,1018828
Cuyahoga Valley,1983,939562
Cuyahoga Valley,1982,717815
Cuyahoga Valley,1981,596300
Cuyahoga Valley,1980,563300
Cuyahoga Valley,1979,543025
Death Valley,2019,1740945
Death Valley,2018,1678660
Death Valley,2017,1294827
Death Valley,2016,1296283
Death Valley,2015,1154843
Death Valley,2014,1101312
Death Valley,2013,951972
Death Valley,2012,984568
Death Valley,2011,946867
Death Valley,2010,984775
Death Valley,2009,828574
Death Valley,2008,871938
Death Valley,2007,704122
Death Valley,2006,744440
Death Valley,2005,800113
Death Valley,2004,764820
Death Valley,2003,890375
Death Valley,2002,897596
Death Valley,2001,1014636
Death Valley,2000,1179094
Death Valley,1999,1227583
Death Valley,1998,1177746
Death Valley,1997,1188212
Death Valley,1996,1189215
Death Valley,1995,1109421
Death Valley,1994,971487
Death Valley,1993,998474
Death Valley,1992,869183
Death Valley,1991,743608
Death Valley,1990,690965
Death Valley,1989,664449
Death Valley,1988,692267
Death Valley,1987,665345
Death Valley,1986,586668
Death Valley,1985,576679
Death Valley,1984,621197
Death Valley,1983,635582
Death Valley,1982,679992
Death Valley,1981,630402
Death Valley,1980,618140
Death Valley,1979,631152
Denali,2019,601152
Denali,2018,594660
Denali,2017,642809
Denali,2016,587412
Denali,2015,560757
Denali,2014,531315
Denali,2013,530922
Denali,2012,388433
Denali,2011,406582
Denali,2010,378855
Denali,2009,358041
Denali,2008,432309
Denali,2007,458308
Denali,2006,415935
Denali,2005,403520
Denali,2004,404236
Denali,2003,360189
Denali,2002,311335
Denali,2001,360191
Denali,2000,363983
Denali,1999,386867
Denali,1998,372519
Denali,1997,354278
Denali,1996,341385
Denali,1995,543309
Denali,1994,490311
Denali,1993,505565
Denali,1992,503674
Denali,1991,558870
Denali,1990,546693
Denali,1989,543640
Denali,1988,592431
Denali,1987,575013
Denali,1986,529749
Denali,1985,436545
Denali,1984,395099
Denali,1983,346082
Denali,1982,321868
Denali,1981,256593
Denali,1980,216361
Denali,1979,251105
Dry Tortugas,2019,79200
Dry Tortugas,2018,56810
Dry Tortugas,2017,54281
Dry Tortugas,2016,73661
Dry Tortugas,2015,70862
Dry Tortugas,2014,64865
Dry Tortugas,2013,58401
Dry Tortugas,2012,60550
Dry Tortugas,2011,75171
Dry Tortugas,2010,53890
Dry Tortugas,2009,52011
Dry Tortugas,2008,63947
Dry Tortugas,2007,60895
Dry Tortugas,2006,64122
Dry Tortugas,2005,61765
Dry Tortugas,2004,67917
Dry Tortugas,2003,74741
Dry Tortugas,2002,79582
Dry Tortugas,2001,79186
Dry Tortugas,2000,83704
Dry Tortugas,1999,74186
Dry Tortugas,1998,60136
Dry Tortugas,1997,47224
Dry Tortugas,1996,35127
Dry Tortugas,1995,32870
Dry Tortugas,1994,16736
Dry Tortugas,1993,24020
Dry Tortugas,1992,21581
Dry Tortugas,1991,18231
Dry Tortugas,1990,19402
Dry Tortugas,1989,19441
Dry Tortugas,1988,16937
Dry Tortugas,1987,16315
Dry Tortugas,1986,15379
Dry Tortugas,1985,13213
Dry Tortugas,1984,11900
Dry Tortugas,1983,11004
Dry Tortugas,1982,10700
Dry Tortugas,1981,10150
Dry Tortugas,1980,8644
Dry Tortugas,1979,9076
Everglades,2019,1118300
Everglades,2018,597124
Everglades,2017,1018557
Everglades,2016,930907
Everglades,2015,1077427
Everglades,2014,1110901
Everglades,2013,1047116
Everglades,2012,1141906
Everglades,2011,934351
Everglades,2010,915538
Everglades,2009,900882
Everglades,2008,822118
Everglades,2007,1074764
Everglades,2006,954022
Everglades,2005,1233837
Everglades,2004,1181355
Everglades,2003,1040648
Everglades,2002,968909
Everglades,2001,1049851
Everglades,2000,995390
Everglades,1999,1073982
Everglades,1998,1118215
Everglades,1997,989532
Everglades,1996,890167
Everglades,1995,820466
Everglades,1994,886455
Everglades,1993,973706
Everglades,1992,1025686
Everglades,1991,1292014
Everglades,1990,957925
Everglades,1989,913372
Everglades,1988,1026188
Everglades,1987,787493
Everglades,1986,739072
Everglades,1985,697646
Everglades,1984,628658
Everglades,1983,577439
Everglades,1982,550168
Everglades,1981,564721
Everglades,1980,744244
Everglades,1979,718102
Gates_of_the_Arctic,2019,10518
Gates_of_the_Arctic,2018,9591
Gates_of_the_Arctic,2017,11177
Gates_of_the_Arctic,2016,10047
Gates_of_the_Arctic,2015,10745
Gates_of_the_Arctic,2014,12669
Gates_of_the_Arctic,2013,11012
Gates_of_the_Arctic,2012,10899
Gates_of_the_Arctic,2011,11623
Gates_of_the_Arctic,2010,10840
Gates_of_the_Arctic,2009,9975
Gates_of_the_Arctic,2008,11397
Gates_of_the_Arctic,2007,10942
Gates_of_the_Arctic,2006,9982
Gates_of_the_Arctic,2005,9459
Gates_of_the_Arctic,2004,10282
Gates_of_the_Arctic,2003,5075
Gates_of_the_Arctic,2002,6648
Gates_of_the_Arctic,2001,4505
Gates_of_the_Arctic,2000,11278
Gates_of_the_Arctic,1999,8166
Gates_of_the_Arctic,1998,8266
Gates_of_the_Arctic,1997,6949
Gates_of_the_Arctic,1996,6448
Gates_of_the_Arctic,1995,7074
Gates_of_the_Arctic,1994,1726
Gates_of_the_Arctic,1993,2245
Gates_of_the_Arctic,1992,2116
Gates_of_the_Arctic,1991,1154
Gates_of_the_Arctic,1990,1010
Gates_of_the_Arctic,1989,822
Gates_of_the_Arctic,1988,1258
Gates_of_the_Arctic,1987,1060
Gates_of_the_Arctic,1986,2801
Gates_of_the_Arctic,1985,1381
Gates_of_the_Arctic,1984,2440
Gates_of_the_Arctic,1983,2138
Gates_of_the_Arctic,1982,1381
Gateway_Arch,2019,2055309
Gateway_Arch,2018,2016180
Gateway_Arch,2017,1398188
Gateway_Arch,2016,1271855
Gateway_Arch,2015,1698656
Gateway_Arch,2014,1817091
Gateway_Arch,2013,2377258
Gateway_Arch,2012,2496726
Gateway_Arch,2011,2259020
Gateway_Arch,2010,2436110
Gateway_Arch,2009,2360109
Gateway_Arch,2008,1954810
Gateway_Arch,2007,2385387
Gateway_Arch,2006,2572072
Gateway_Arch,2005,2944976
Gateway_Arch,2004,2779350
Gateway_Arch,2003,2685219
Gateway_Arch,2002,3333454
Gateway_Arch,2001,3532524
Gateway_Arch,2000,3458956
Gateway_Arch,1999,3481042
Gateway_Arch,1998,3420352
Gateway_Arch,1997,3420076
Gateway_Arch,1996,3649308
Gateway_Arch,1995,3234977
Gateway_Arch,1994,2553696
Gateway_Arch,1993,2539740
Gateway_Arch,1992,2415514
Gateway_Arch,1991,2622425
Gateway_Arch,1990,2382612
Gateway_Arch,1989,2518712
Gateway_Arch,1988,2477458
Gateway_Arch,1987,2364694
Gateway_Arch,1986,2311147
Gateway_Arch,1985,2140316
Gateway_Arch,1984,1709993
Gateway_Arch,1983,2948022
Gateway_Arch,1982,2967323
Gateway_Arch,1981,2282261
Gateway_Arch,1980,1928825
Gateway_Arch,1979,1859431
Glacier Bay,2019,672087
Glacier Bay,2018,597915
Glacier Bay,2017,547057
Glacier Bay,2016,520171
Glacier Bay,2015,551353
Glacier Bay,2014,500727
Glacier Bay,2013,500590
Glacier Bay,2012,454337
Glacier Bay,2011,431986
Glacier Bay,2010,444530
Glacier Bay,2009,438361
Glacier Bay,2008,418911
Glacier Bay,2007,438211
Glacier Bay,2006,413382
Glacier Bay,2005,359829
Glacier Bay,2004,353686
Glacier Bay,2003,366319
Glacier Bay,2002,408143
Glacier Bay,2001,380114
Glacier Bay,2000,384684
Glacier Bay,1999,442607
Glacier Bay,1998,403512
Glacier Bay,1997,347046
Glacier Bay,1996,304374
Glacier Bay,1995,252265
Glacier Bay,1994,250614
Glacier Bay,1993,242276
Glacier Bay,1992,211424
Glacier Bay,1991,203653
Glacier Bay,1990,186427
Glacier Bay,1989,150270
Glacier Bay,1988,148756
Glacier Bay,1987,130926
Glacier Bay,1986,136877
Glacier Bay,1985,130943
Glacier Bay,1984,108297
Glacier Bay,1983,92057
Glacier Bay,1982,90354
Glacier Bay,1981,85071
Glacier Bay,1980,95005
Glacier Bay,1979,91032
Glacier,2019,3049839
Glacier,2018,2965309
Glacier,2017,3305512
Glacier,2016,2946681
Glacier,2015,2366056
Glacier,2014,2338528
Glacier,2013,2190374
Glacier,2012,2162035
Glacier,2011,1853564
Glacier,2010,2200048
Glacier,2009,2031348
Glacier,2008,1808027
Glacier,2007,2083329
Glacier,2006,1964399
Glacier,2005,1925101
Glacier,2004,2033933
Glacier,2003,1664046
Glacier,2002,1905689
Glacier,2001,1680614
Glacier,2000,1728693
Glacier,1999,1684604
Glacier,1998,1830944
Glacier,1997,1708856
Glacier,1996,1720805
Glacier,1995,1839518
Glacier,1994,2152989
Glacier,1993,2141704
Glacier,1992,2199767
Glacier,1991,2096966
Glacier,1990,1986737
Glacier,1989,1821523
Glacier,1988,1817733
Glacier,1987,1660737
Glacier,1986,1579151
Glacier,1985,1603011
Glacier,1984,1946703
Glacier,1983,2203847
Glacier,1982,1666114
Glacier,1981,1786523
Glacier,1980,1474578
Glacier,1979,1446086
Grand Canyon,2019,5974411
Grand Canyon,2018,6380495
Grand Canyon,2017,6254238
Grand Canyon,2016,5969811
Grand Canyon,2015,5520736
Grand Canyon,2014,4756771
Grand Canyon,2013,4564840
Grand Canyon,2012,4421352
Grand Canyon,2011,4298178
Grand Canyon,2010,4388386
Grand Canyon,2009,4348068
Grand Canyon,2008,4425314
Grand Canyon,2007,4413668
Grand Canyon,2006,4279439
Grand Canyon,2005,4401522
Grand Canyon,2004,4326234
Grand Canyon,2003,4124900
Grand Canyon,2002,4001974
Grand Canyon,2001,4104809
Grand Canyon,2000,4460228
Grand Canyon,1999,4575124
Grand Canyon,1998,4239682
Grand Canyon,1997,4791668
Grand Canyon,1996,4537703
Grand Canyon,1995,4557645
Grand Canyon,1994,4364316
Grand Canyon,1993,4575602
Grand Canyon,1992,4203545
Grand Canyon,1991,3886031
Grand Canyon,1990,3776685
Grand Canyon,1989,3966209
Grand Canyon,1988,3859886
Grand Canyon,1987,3513030
Grand Canyon,1986,3035787
Grand Canyon,1985,2711529
Grand Canyon,1984,2173584
Grand Canyon,1983,2248082
Grand Canyon,1982,2293127
Grand Canyon,1981,2472270
Grand Canyon,1980,2304973
Grand Canyon,1979,2131716
Grand Teton,2019,3405614
Grand Teton,2018,3491151
Grand Teton,2017,3317000
Grand Teton,2016,3270076
Grand Teton,2015,3149921
Grand Teton,2014,2791392
Grand Teton,2013,2688794
Grand Teton,2012,2705256
Grand Teton,2011,2587437
Grand Teton,2010,2669374
Grand Teton,2009,2580081
Grand Teton,2008,2485987
Grand Teton,2007,2588574
Grand Teton,2006,2406476
Grand Teton,2005,2463442
Grand Teton,2004,2360373
Grand Teton,2003,2355693
Grand Teton,2002,2612629
Grand Teton,2001,2535108
Grand Teton,2000,2590624
Grand Teton,1999,2680025
Grand Teton,1998,2757060
Grand Teton,1997,2658762
Grand Teton,1996,2733439
Grand Teton,1995,2731015
Grand Teton,1994,2540699
Grand Teton,1993,2568689
Grand Teton,1992,1744636
Grand Teton,1991,1625752
Grand Teton,1990,1588253
Grand Teton,1989,1331659
Grand Teton,1988,1232691
Grand Teton,1987,1450791
Grand Teton,1986,1306322
Grand Teton,1985,1334483
Grand Teton,1984,1360898
Grand Teton,1983,1532035
Grand Teton,1982,2534029
Grand Teton,1981,2643644
Grand Teton,1980,2555627
Grand Teton,1979,2446171
Great Basin,2019,131802
Great Basin,2018,153094
Great Basin,2017,168028
Great Basin,2016,144846
Great Basin,2015,116123
Great Basin,2014,107526
Great Basin,2013,92893
Great Basin,2012,94850
Great Basin,2011,91451
Great Basin,2010,88870
Great Basin,2009,84974
Great Basin,2008,69235
Great Basin,2007,81364
Great Basin,2006,78524
Great Basin,2005,77741
Great Basin,2004,79879
Great Basin,2003,87020
Great Basin,2002,85777
Great Basin,2001,81712
Great Basin,2000,81045
Great Basin,1999,90119
Great Basin,1998,80363
Great Basin,1997,90760
Great Basin,1996,86635
Great Basin,1995,87829
Great Basin,1994,88024
Great Basin,1993,91915
Great Basin,1992,69144
Great Basin,1991,63864
Great Basin,1990,65026
Great Basin,1989,70259
Great Basin,1988,73559
Great Basin,1987,63532
Great Basin,1986,40359
Great Basin,1985,36343
Great Basin,1984,37676
Great Basin,1983,30335
Great Basin,1982,32264
Great Basin,1981,33367
Great Basin,1980,33383
Great Basin,1979,29947
Great Sand_Dunes,2019,527546
Great Sand_Dunes,2018,442905
Great Sand_Dunes,2017,486935
Great Sand_Dunes,2016,388308
Great Sand_Dunes,2015,299513
Great Sand_Dunes,2014,271774
Great Sand_Dunes,2013,242841
Great Sand_Dunes,2012,254674
Great Sand_Dunes,2011,280058
Great Sand_Dunes,2010,283284
Great Sand_Dunes,2009,289955
Great Sand_Dunes,2008,273903
Great Sand_Dunes,2007,285121
Great Sand_Dunes,2006,258660
Great Sand_Dunes,2005,279589
Great Sand_Dunes,2004,267204
Great Sand_Dunes,2003,251375
Great Sand_Dunes,2002,234776
Great Sand_Dunes,2001,277523
Great Sand_Dunes,2000,260789
Great Sand_Dunes,1999,286745
Great Sand_Dunes,1998,279768
Great Sand_Dunes,1997,309855
Great Sand_Dunes,1996,309283
Great Sand_Dunes,1995,323663
Great Sand_Dunes,1994,312225
Great Sand_Dunes,1993,294282
Great Sand_Dunes,1992,290654
Great Sand_Dunes,1991,295070
Great Sand_Dunes,1990,272136
Great Sand_Dunes,1989,266321
Great Sand_Dunes,1988,274286
Great Sand_Dunes,1987,225937
Great Sand_Dunes,1986,221449
Great Sand_Dunes,1985,182713
Great Sand_Dunes,1984,141833
Great Sand_Dunes,1983,150177
Great Sand_Dunes,1982,175273
Great Sand_Dunes,1981,172505
Great Sand_Dunes,1980,142427
Great Sand_Dunes,1979,162546
Great Smokey Mountains,2019,12547743
Great Smokey Mountains,2018,11421200
Great Smokey Mountains,2017,11338893
Great Smokey Mountains,2016,11312786
Great Smokey Mountains,2015,10712674
Great Smokey Mountains,2014,10099276
Great Smokey Mountains,2013,9354695
Great Smokey Mountains,2012,9685829
Great Smokey Mountains,2011,9008830
Great Smokey Mountains,2010,9463538
Great Smokey Mountains,2009,9491437
Great Smokey Mountains,2008,9044010
Great Smokey Mountains,2007,9372253
Great Smokey Mountains,2006,9289215
Great Smokey Mountains,2005,9192477
Great Smokey Mountains,2004,9167046
Great Smokey Mountains,2003,9366845
Great Smokey Mountains,2002,9316420
Great Smokey Mountains,2001,9197697
Great Smokey Mountains,2000,10175812
Great Smokey Mountains,1999,10283598
Great Smokey Mountains,1998,9989395
Great Smokey Mountains,1997,9965075
Great Smokey Mountains,1996,9265667
Great Smokey Mountains,1995,9080420
Great Smokey Mountains,1994,8628174
Great Smokey Mountains,1993,9283848
Great Smokey Mountains,1992,8931690
Great Smokey Mountains,1991,8654459
Great Smokey Mountains,1990,8151769
Great Smokey Mountains,1989,8333553
Great Smokey Mountains,1988,8770781
Great Smokey Mountains,1987,10209841
Great Smokey Mountains,1986,9836306
Great Smokey Mountains,1985,9319290
Great Smokey Mountains,1984,8508390
Great Smokey Mountains,1983,8435475
Great Smokey Mountains,1982,8177869
Great Smokey Mountains,1981,8312884
Great Smokey Mountains,1980,8440953
Great Smokey Mountains,1979,8019788
Guadalupe_Mountains,2019,188833
Guadalupe_Mountains,2018,172347
Guadalupe_Mountains,2017,225257
Guadalupe_Mountains,2016,181839
Guadalupe_Mountains,2015,169535
Guadalupe_Mountains,2014,166868
Guadalupe_Mountains,2013,145670
Guadalupe_Mountains,2012,159360
Guadalupe_Mountains,2011,152546
Guadalupe_Mountains,2010,192210
Guadalupe_Mountains,2009,198882
Guadalupe_Mountains,2008,163709
Guadalupe_Mountains,2007,165110
Guadalupe_Mountains,2006,174157
Guadalupe_Mountains,2005,170383
Guadalupe_Mountains,2004,182351
Guadalupe_Mountains,2003,181357
Guadalupe_Mountains,2002,202911
Guadalupe_Mountains,2001,222307
Guadalupe_Mountains,2000,198762
Guadalupe_Mountains,1999,219591
Guadalupe_Mountains,1998,227924
Guadalupe_Mountains,1997,231980
Guadalupe_Mountains,1996,223485
Guadalupe_Mountains,1995,208972
Guadalupe_Mountains,1994,203520
Guadalupe_Mountains,1993,201054
Guadalupe_Mountains,1992,175120
Guadalupe_Mountains,1991,200398
Guadalupe_Mountains,1990,192890
Guadalupe_Mountains,1989,168872
Guadalupe_Mountains,1988,178910
Guadalupe_Mountains,1987,156344
Guadalupe_Mountains,1986,163313
Guadalupe_Mountains,1985,147758
Guadalupe_Mountains,1984,151862
Guadalupe_Mountains,1983,142736
Guadalupe_Mountains,1982,140620
Guadalupe_Mountains,1981,142641
Guadalupe_Mountains,1980,113825
Guadalupe_Mountains,1979,110478
Haleakala,2019,994394
Haleakala,2018,1044084
Haleakala,2017,1112390
Haleakala,2016,1263558
Haleakala,2015,1216772
Haleakala,2014,1142040
Haleakala,2013,785300
Haleakala,2012,1094668
Haleakala,2011,956989
Haleakala,2010,1105606
Haleakala,2009,1109104
Haleakala,2008,1185068
Haleakala,2007,1322817
Haleakala,2006,1426068
Haleakala,2005,1474681
Haleakala,2004,1455477
Haleakala,2003,1444668
Haleakala,2002,1521080
Haleakala,2001,1410974
Haleakala,2000,1620083
Haleakala,1999,1963187
Haleakala,1998,1476842
Haleakala,1997,1673561
Haleakala,1996,1553344
Haleakala,1995,1594596
Haleakala,1994,1527329
Haleakala,1993,1317433
Haleakala,1992,1183124
Haleakala,1991,1228332
Haleakala,1990,1260601
Haleakala,1989,1367761
Haleakala,1988,1314683
Haleakala,1987,1333900
Haleakala,1986,1281219
Haleakala,1985,1194651
Haleakala,1984,1003821
Haleakala,1983,864289
Haleakala,1982,771762
Haleakala,1981,631684
Haleakala,1980,560238
Haleakala,1979,673955
Hawaii Volcanoes,2019,1368376
Hawaii Volcanoes,2018,1116891
Hawaii Volcanoes,2017,2016702
Hawaii Volcanoes,2016,1887580
Hawaii Volcanoes,2015,1832660
Hawaii Volcanoes,2014,1693005
Hawaii Volcanoes,2013,1583209
Hawaii Volcanoes,2012,1483928
Hawaii Volcanoes,2011,1352123
Hawaii Volcanoes,2010,1304667
Hawaii Volcanoes,2009,1233105
Hawaii Volcanoes,2008,1270538
Hawaii Volcanoes,2007,1467779
Hawaii Volcanoes,2006,1612246
Hawaii Volcanoes,2005,1661196
Hawaii Volcanoes,2004,1307391
Hawaii Volcanoes,2003,1122524
Hawaii Volcanoes,2002,1110998
Hawaii Volcanoes,2001,1343286
Hawaii Volcanoes,2000,1514636
Hawaii Volcanoes,1999,1502855
Hawaii Volcanoes,1998,1352373
Hawaii Volcanoes,1997,1832087
Hawaii Volcanoes,1996,1231557
Hawaii Volcanoes,1995,1175028
Hawaii Volcanoes,1994,1174289
Hawaii Volcanoes,1993,1143741
Hawaii Volcanoes,1992,1151661
Hawaii Volcanoes,1991,1238653
Hawaii Volcanoes,1990,1096816
Hawaii Volcanoes,1989,1056188
Hawaii Volcanoes,1988,983007
Hawaii Volcanoes,1987,1006058
Hawaii Volcanoes,1986,898023
Hawaii Volcanoes,1985,816652
Hawaii Volcanoes,1984,2008608
Hawaii Volcanoes,1983,2247974
Hawaii Volcanoes,1982,1995397
Hawaii Volcanoes,1981,1931852
Hawaii Volcanoes,1980,1692338
Hawaii Volcanoes,1979,1632589
Hot Springs,2019,1467153
Hot Springs,2018,1506887
Hot Springs,2017,1561616
Hot Springs,2016,1544300
Hot Springs,2015,1418162
Hot Springs,2014,1424484
Hot Springs,2013,1325719
Hot Springs,2012,1302505
Hot Springs,2011,1396354
Hot Springs,2010,1311807
Hot Springs,2009,1284707
Hot Springs,2008,1238147
Hot Springs,2007,1300152
Hot Springs,2006,1273456
Hot Springs,2005,1340160
Hot Springs,2004,1418735
Hot Springs,2003,1561311
Hot Springs,2002,1440227
Hot Springs,2001,1296786
Hot Springs,2000,1338156
Hot Springs,1999,1384469
Hot Springs,1998,1495993
Hot Springs,1997,1509596
Hot Springs,1996,1538105
Hot Springs,1995,1617077
Hot Springs,1994,1618847
Hot Springs,1993,1477299
Hot Springs,1992,1504013
Hot Springs,1991,1203929
Hot Springs,1990,1123175
Hot Springs,1989,1272771
Hot Springs,1988,1185772
Hot Springs,1987,1101242
Hot Springs,1986,1175170
Hot Springs,1985,1112764
Hot Springs,1984,1071853
Hot Springs,1983,1160008
Hot Springs,1982,1015580
Hot Springs,1981,1177911
Hot Springs,1980,1160588
Hot Springs,1979,1118800
Indiana Dunes,2019,2134285
Indiana Dunes,2018,1756079
Indiana Dunes,2017,2158471
Indiana Dunes,2016,1698223
Indiana Dunes,2015,1640195
Indiana Dunes,2014,1553372
Indiana Dunes,2013,1681695
Indiana Dunes,2012,1889381
Indiana Dunes,2011,1840513
Indiana Dunes,2010,2150345
Indiana Dunes,2009,1944568
Indiana Dunes,2008,1833596
Indiana Dunes,2007,1972344
Indiana Dunes,2006,1938132
Indiana Dunes,2005,2127336
Indiana Dunes,2004,1810330
Indiana Dunes,2003,1953449
Indiana Dunes,2002,1989941
Indiana Dunes,2001,1735404
Indiana Dunes,2000,1820228
Indiana Dunes,1999,1748047
Indiana Dunes,1998,2108789
Indiana Dunes,1997,1483782
Indiana Dunes,1996,1526166
Indiana Dunes,1995,1696488
Indiana Dunes,1994,1699958
Indiana Dunes,1993,1763094
Indiana Dunes,1992,1973098
Indiana Dunes,1991,2058801
Indiana Dunes,1990,1919901
Indiana Dunes,1989,1791902
Indiana Dunes,1988,1885376
Indiana Dunes,1987,1576238
Indiana Dunes,1986,1676583
Indiana Dunes,1985,1800326
Indiana Dunes,1984,1560428
Indiana Dunes,1983,1510630
Indiana Dunes,1982,1066573
Indiana Dunes,1981,1023436
Indiana Dunes,1980,1222874
Indiana Dunes,1979,1606166
Isle Royal,2019,26410
Isle Royal,2018,25798
Isle Royal,2017,28196
Isle Royal,2016,24966
Isle Royal,2015,18684
Isle Royal,2014,14560
Isle Royal,2013,16274
Isle Royal,2012,16663
Isle Royal,2011,15892
Isle Royal,2010,15793
Isle Royal,2009,14653
Isle Royal,2008,14038
Isle Royal,2007,15973
Isle Royal,2006,17070
Isle Royal,2005,17398
Isle Royal,2004,17276
Isle Royal,2003,17800
Isle Royal,2002,19463
Isle Royal,2001,19431
Isle Royal,2000,21096
Isle Royal,1999,23493
Isle Royal,1998,23932
Isle Royal,1997,21381
Isle Royal,1996,23445
Isle Royal,1995,23470
Isle Royal,1994,24843
Isle Royal,1993,21983
Isle Royal,1992,22728
Isle Royal,1991,22004
Isle Royal,1990,23495
Isle Royal,1989,27133
Isle Royal,1988,26593
Isle Royal,1987,31760
Isle Royal,1986,26122
Isle Royal,1985,16775
Isle Royal,1984,11814
Isle Royal,1983,12928
Isle Royal,1982,13238
Isle Royal,1981,14558
Isle Royal,1980,14977
Isle Royal,1979,14782
Joshua Tree,2019,2988547
Joshua Tree,2018,2942382
Joshua Tree,2017,2853619
Joshua Tree,2016,2505286
Joshua Tree,2015,2025756
Joshua Tree,2014,1589904
Joshua Tree,2013,1383340
Joshua Tree,2012,1396117
Joshua Tree,2011,1396237
Joshua Tree,2010,1434976
Joshua Tree,2009,1304471
Joshua Tree,2008,1392446
Joshua Tree,2007,1298979
Joshua Tree,2006,1256421
Joshua Tree,2005,1375111
Joshua Tree,2004,1243659
Joshua Tree,2003,1283346
Joshua Tree,2002,1178376
Joshua Tree,2001,1280917
Joshua Tree,2000,1233935
Joshua Tree,1999,1316340
Joshua Tree,1998,1410312
Joshua Tree,1997,1226273
Joshua Tree,1996,1095046
Joshua Tree,1995,1235702
Joshua Tree,1994,1184871
Joshua Tree,1993,1252401
Joshua Tree,1992,1220539
Joshua Tree,1991,1145458
Joshua Tree,1990,1022396
Joshua Tree,1989,990214
Joshua Tree,1988,955246
Joshua Tree,1987,830085
Joshua Tree,1986,783224
Joshua Tree,1985,641172
Joshua Tree,1984,663798
Joshua Tree,1983,671426
Joshua Tree,1982,673201
Joshua Tree,1981,612966
Joshua Tree,1980,545357
Joshua Tree,1979,590543
Katmai,2019,84167
Katmai,2018,37818
Katmai,2017,37818
Katmai,2016,37818
Katmai,2015,37818
Katmai,2014,30896
Katmai,2013,28966
Katmai,2012,39818
Katmai,2011,48939
Katmai,2010,55172
Katmai,2009,43035
Katmai,2008,7970
Katmai,2007,82634
Katmai,2006,68630
Katmai,2005,54274
Katmai,2004,56787
Katmai,2003,51589
Katmai,2002,59025
Katmai,2001,67038
Katmai,2000,71389
Katmai,1999,51399
Katmai,1998,45470
Katmai,1997,18802
Katmai,1996,0
Katmai,1995,0
Katmai,1994,55728
Katmai,1993,53421
Katmai,1992,46196
Katmai,1991,41417
Katmai,1990,40778
Katmai,1989,40247
Katmai,1988,45710
Katmai,1987,38212
Katmai,1986,41663
Katmai,1985,25142
Katmai,1984,20074
Katmai,1983,11182
Katmai,1982,14377
Katmai,1981,13115
Katmai,1980,11824
Katmai,1979,10659
Kenai Fjords,2019,356601
Kenai Fjords,2018,321596
Kenai Fjords,2017,303598
Kenai Fjords,2016,346534
Kenai Fjords,2015,296697
Kenai Fjords,2014,270666
Kenai Fjords,2013,283502
Kenai Fjords,2012,281279
Kenai Fjords,2011,346852
Kenai Fjords,2010,297596
Kenai Fjords,2009,218358
Kenai Fjords,2008,272190
Kenai Fjords,2007,284604
Kenai Fjords,2006,251630
Kenai Fjords,2005,258297
Kenai Fjords,2004,244232
Kenai Fjords,2003,243719
Kenai Fjords,2002,251799
Kenai Fjords,2001,262353
Kenai Fjords,2000,254790
Kenai Fjords,1999,290673
Kenai Fjords,1998,263948
Kenai Fjords,1997,306164
Kenai Fjords,1996,274034
Kenai Fjords,1995,230657
Kenai Fjords,1994,209516
Kenai Fjords,1993,189712
Kenai Fjords,1992,108130
Kenai Fjords,1991,107041
Kenai Fjords,1990,66115
Kenai Fjords,1989,75557
Kenai Fjords,1988,59017
Kenai Fjords,1987,60428
Kenai Fjords,1986,54296
Kenai Fjords,1985,35758
Kenai Fjords,1984,30703
Kenai Fjords,1983,24048
Kenai Fjords,1982,16118
Kings Canyon,2019,632110
Kings Canyon,2018,699023
Kings Canyon,2017,692932
Kings Canyon,2016,607479
Kings Canyon,2015,468106
Kings Canyon,2014,502268
Kings Canyon,2013,567544
Kings Canyon,2012,591033
Kings Canyon,2011,566810
Kings Canyon,2010,598205
Kings Canyon,2009,609296
Kings Canyon,2008,574870
Kings Canyon,2007,580129
Kings Canyon,2006,552766
Kings Canyon,2005,594893
Kings Canyon,2004,525035
Kings Canyon,2003,555987
Kings Canyon,2002,545420
Kings Canyon,2001,541787
Kings Canyon,2000,528987
Kings Canyon,1999,559534
Kings Canyon,1998,540212
Kings Canyon,1997,484718
Kings Canyon,1996,502749
Kings Canyon,1995,832794
Kings Canyon,1994,725930
Kings Canyon,1993,636515
Kings Canyon,1992,637446
Kings Canyon,1991,1071022
Kings Canyon,1990,1062867
Kings Canyon,1989,1037349
Kings Canyon,1988,1007695
Kings Canyon,1987,1081172
Kings Canyon,1986,1028785
Kings Canyon,1985,874456
Kings Canyon,1984,937262
Kings Canyon,1983,765755
Kings Canyon,1982,831044
Kings Canyon,1981,776850
Kings Canyon,1980,819065
Kings Canyon,1979,804175
Kobuk Valley,2019,15766
Kobuk Valley,2018,14937
Kobuk Valley,2017,15500
Kobuk Valley,2016,15500
Kobuk Valley,2015,0
Kobuk Valley,2014,0
Kobuk Valley,2013,16875
Kobuk Valley,2012,29550
Kobuk Valley,2011,11485
Kobuk Valley,2010,3164
Kobuk Valley,2009,1879
Kobuk Valley,2008,1565
Kobuk Valley,2007,847
Kobuk Valley,2006,3005
Kobuk Valley,2005,5037
Kobuk Valley,2004,4744
Kobuk Valley,2003,4006
Kobuk Valley,2002,4046
Kobuk Valley,2001,4217
Kobuk Valley,2000,2646
Kobuk Valley,1999,6309
Kobuk Valley,1998,5550
Kobuk Valley,1997,2781
Kobuk Valley,1996,2781
Kobuk Valley,1995,2781
Kobuk Valley,1994,2781
Kobuk Valley,1993,2816
Kobuk Valley,1992,2829
Kobuk Valley,1991,2795
Kobuk Valley,1990,2586
Kobuk Valley,1989,1970
Kobuk Valley,1988,2275
Kobuk Valley,1987,230
Kobuk Valley,1986,1085
Kobuk Valley,1985,1305
Kobuk Valley,1984,1075
Kobuk Valley,1983,2365
Kobuk Valley,1982,3775
Lake Clark,2019,17157
Lake Clark,2018,14479
Lake Clark,2017,22755
Lake Clark,2016,21102
Lake Clark,2015,17818
Lake Clark,2014,16100
Lake Clark,2013,13000
Lake Clark,2012,11639
Lake Clark,2011,5158
Lake Clark,2010,9931
Lake Clark,2009,9711
Lake Clark,2008,6802
Lake Clark,2007,5549
Lake Clark,2006,5320
Lake Clark,2005,5408
Lake Clark,2004,4906
Lake Clark,2003,4505
Lake Clark,2002,4325
Lake Clark,2001,4397
Lake Clark,2000,6493
Lake Clark,1999,6190
Lake Clark,1998,11335
Lake Clark,1997,9173
Lake Clark,1996,12727
Lake Clark,1995,12698
Lake Clark,1994,12143
Lake Clark,1993,12153
Lake Clark,1992,9233
Lake Clark,1991,4133
Lake Clark,1990,10196
Lake Clark,1989,14879
Lake Clark,1988,18863
Lake Clark,1987,16418
Lake Clark,1986,13611
Lake Clark,1985,12701
Lake Clark,1984,12505
Lake Clark,1983,12332
Lake Clark,1982,10440
Lassen Volcanic,2019,517039
Lassen Volcanic,2018,499435
Lassen Volcanic,2017,507256
Lassen Volcanic,2016,536068
Lassen Volcanic,2015,468092
Lassen Volcanic,2014,432977
Lassen Volcanic,2013,427409
Lassen Volcanic,2012,407653
Lassen Volcanic,2011,351269
Lassen Volcanic,2010,384570
Lassen Volcanic,2009,365639
Lassen Volcanic,2008,377361
Lassen Volcanic,2007,395057
Lassen Volcanic,2006,388741
Lassen Volcanic,2005,365535
Lassen Volcanic,2004,379667
Lassen Volcanic,2003,404384
Lassen Volcanic,2002,388149
Lassen Volcanic,2001,376695
Lassen Volcanic,2000,374911
Lassen Volcanic,1999,353756
Lassen Volcanic,1998,318049
Lassen Volcanic,1997,391816
Lassen Volcanic,1996,351632
Lassen Volcanic,1995,351001
Lassen Volcanic,1994,385489
Lassen Volcanic,1993,434264
Lassen Volcanic,1992,468011
Lassen Volcanic,1991,463179
Lassen Volcanic,1990,460917
Lassen Volcanic,1989,466115
Lassen Volcanic,1988,495628
Lassen Volcanic,1987,472431
Lassen Volcanic,1986,439723
Lassen Volcanic,1985,451497
Lassen Volcanic,1984,463275
Lassen Volcanic,1983,429867
Lassen Volcanic,1982,414859
Lassen Volcanic,1981,415045
Lassen Volcanic,1980,394425
Lassen Volcanic,1979,380014
Mommoth Cave,2019,551590
Mommoth Cave,2018,533206
Mommoth Cave,2017,587853
Mommoth Cave,2016,586514
Mommoth Cave,2015,566895
Mommoth Cave,2014,522628
Mommoth Cave,2013,494541
Mommoth Cave,2012,508054
Mommoth Cave,2011,483319
Mommoth Cave,2010,497225
Mommoth Cave,2009,503856
Mommoth Cave,2008,446174
Mommoth Cave,2007,487305
Mommoth Cave,2006,597934
Mommoth Cave,2005,1878006
Mommoth Cave,2004,1888267
Mommoth Cave,2003,1869137
Mommoth Cave,2002,1891307
Mommoth Cave,2001,1883580
Mommoth Cave,2000,1749268
Mommoth Cave,1999,1710983
Mommoth Cave,1998,2113992
Mommoth Cave,1997,1997658
Mommoth Cave,1996,1896829
Mommoth Cave,1995,1935709
Mommoth Cave,1994,2009935
Mommoth Cave,1993,2396234
Mommoth Cave,1992,2392858
Mommoth Cave,1991,2158195
Mommoth Cave,1990,1924538
Mommoth Cave,1989,1672840
Mommoth Cave,1988,1735610
Mommoth Cave,1987,1636340
Mommoth Cave,1986,1646673
Mommoth Cave,1985,1507939
Mommoth Cave,1984,1501450
Mommoth Cave,1983,1498503
Mommoth Cave,1982,1526676
Mommoth Cave,1981,1404317
Mommoth Cave,1980,1495787
Mommoth Cave,1979,1384910
Mesa Verde,2019,556203
Mesa Verde,2018,563420
Mesa Verde,2017,613788
Mesa Verde,2016,583527
Mesa Verde,2015,547325
Mesa Verde,2014,501563
Mesa Verde,2013,460237
Mesa Verde,2012,488860
Mesa Verde,2011,572329
Mesa Verde,2010,559712
Mesa Verde,2009,550377
Mesa Verde,2008,551446
Mesa Verde,2007,541102
Mesa Verde,2006,557248
Mesa Verde,2005,498333
Mesa Verde,2004,446811
Mesa Verde,2003,438590
Mesa Verde,2002,406385
Mesa Verde,2001,513409
Mesa Verde,2000,452287
Mesa Verde,1999,635736
Mesa Verde,1998,604556
Mesa Verde,1997,627720
Mesa Verde,1996,617360
Mesa Verde,1995,663794
Mesa Verde,1994,685031
Mesa Verde,1993,666054
Mesa Verde,1992,742080
Mesa Verde,1991,678075
Mesa Verde,1990,611375
Mesa Verde,1989,600045
Mesa Verde,1988,772183
Mesa Verde,1987,728566
Mesa Verde,1986,658888
Mesa Verde,1985,656271
Mesa Verde,1984,516865
Mesa Verde,1983,604115
Mesa Verde,1982,602968
Mesa Verde,1981,588608
Mesa Verde,1980,539257
Mesa Verde,1979,473715
Mount Rainier,2019,1501621
Mount Rainier,2018,1518491
Mount Rainier,2017,1415867
Mount Rainier,2016,1356913
Mount Rainier,2015,1237231
Mount Rainier,2014,1264259
Mount Rainier,2013,1148552
Mount Rainier,2012,1049178
Mount Rainier,2011,1038229
Mount Rainier,2010,1191754
Mount Rainier,2009,1151654
Mount Rainier,2008,1163227
Mount Rainier,2007,1047685
Mount Rainier,2006,1113601
Mount Rainier,2005,1173897
Mount Rainier,2004,1217750
Mount Rainier,2003,1262351
Mount Rainier,2002,1310390
Mount Rainier,2001,1301103
Mount Rainier,2000,1344833
Mount Rainier,1999,1291397
Mount Rainier,1998,1353793
Mount Rainier,1997,1315773
Mount Rainier,1996,1338961
Mount Rainier,1995,1438227
Mount Rainier,1994,1426244
Mount Rainier,1993,1365213
Mount Rainier,1992,1522057
Mount Rainier,1991,1549412
Mount Rainier,1990,1327101
Mount Rainier,1989,1354302
Mount Rainier,1988,1255618
Mount Rainier,1987,1292027
Mount Rainier,1986,1298457
Mount Rainier,1985,1165640
Mount Rainier,1984,1152411
Mount Rainier,1983,1106306
Mount Rainier,1982,1007300
Mount Rainier,1981,1233671
Mount Rainier,1980,1268256
Mount Rainier,1979,1516703
National Park of American Samoa,2019,60006
National Park of American Samoa,2018,28626
National Park of American Samoa,2017,69468
National Park of American Samoa,2016,28892
National Park of American Samoa,2015,13892
National Park of American Samoa,2014,13953
National Park of American Samoa,2013,17919
National Park of American Samoa,2012,10440
National Park of American Samoa,2011,8716
National Park of American Samoa,2010,3006
National Park of American Samoa,2009,3242
National Park of American Samoa,2008,3683
National Park of American Samoa,2007,6774
National Park of American Samoa,2006,1239
National Park of American Samoa,2005,0
National Park of American Samoa,2004,0
National Park of American Samoa,2003,0
National Park of American Samoa,2002,1938
North Cascades,2019,38208
North Cascades,2018,30085
North Cascades,2017,30326
North Cascades,2016,28646
North Cascades,2015,20677
North Cascades,2014,23865
North Cascades,2013,21623
North Cascades,2012,26935
North Cascades,2011,19208
North Cascades,2010,24659
North Cascades,2009,26972
North Cascades,2008,18725
North Cascades,2007,19534
North Cascades,2006,19167
North Cascades,2005,18686
North Cascades,2004,16912
North Cascades,2003,20724
North Cascades,2002,20691
North Cascades,2001,27739
North Cascades,2000,25704
North Cascades,1999,21488
North Cascades,1998,32753
North Cascades,1997,27203
North Cascades,1996,27910
North Cascades,1995,65984
North Cascades,1994,19323
North Cascades,1993,21378
North Cascades,1992,20295
North Cascades,1991,22796
North Cascades,1990,456444
North Cascades,1989,391433
North Cascades,1988,605967
North Cascades,1987,651606
North Cascades,1986,683056
North Cascades,1985,629234
North Cascades,1984,637836
North Cascades,1983,858041
North Cascades,1982,857016
North Cascades,1981,829026
North Cascades,1980,796079
North Cascades,1979,742997
Olympia,2019,3245806
Olympia,2018,3104455
Olympia,2017,3401996
Olympia,2016,3390221
Olympia,2015,3263761
Olympia,2014,3243872
Olympia,2013,3085340
Olympia,2012,2824908
Olympia,2011,2966502
Olympia,2010,2844563
Olympia,2009,3276459
Olympia,2008,3081451
Olympia,2007,2988686
Olympia,2006,2749197
Olympia,2005,3142774
Olympia,2004,3073722
Olympia,2003,3225327
Olympia,2002,3691310
Olympia,2001,3416069
Olympia,2000,3327722
Olympia,1999,3364266
Olympia,1998,3577007
Olympia,1997,3846709
Olympia,1996,3348723
Olympia,1995,3658615
Olympia,1994,3381573
Olympia,1993,2679598
Olympia,1992,3030195
Olympia,1991,2759673
Olympia,1990,2794903
Olympia,1989,2737611
Olympia,1988,2959122
Olympia,1987,2822850
Olympia,1986,2940034
Olympia,1985,2532145
Olympia,1984,2759011
Olympia,1983,2410722
Olympia,1982,2478739
Olympia,1981,2306032
Olympia,1980,2032418
Olympia,1979,2078843
Petrified Forest,2019,643588
Petrified Forest,2018,644922
Petrified Forest,2017,627757
Petrified Forest,2016,643274
Petrified Forest,2015,793225
Petrified Forest,2014,836799
Petrified Forest,2013,644648
Petrified Forest,2012,664857
Petrified Forest,2011,614054
Petrified Forest,2010,664725
Petrified Forest,2009,631613
Petrified Forest,2008,543714
Petrified Forest,2007,563590
Petrified Forest,2006,581681
Petrified Forest,2005,598378
Petrified Forest,2004,580000
Petrified Forest,2003,586245
Petrified Forest,2002,571586
Petrified Forest,2001,583904
Petrified Forest,2000,605192
Petrified Forest,1999,666978
Petrified Forest,1998,816506
Petrified Forest,1997,823266
Petrified Forest,1996,829495
Petrified Forest,1995,935065
Petrified Forest,1994,922927
Petrified Forest,1993,936429
Petrified Forest,1992,930031
Petrified Forest,1991,874521
Petrified Forest,1990,844592
Petrified Forest,1989,824141
Petrified Forest,1988,857031
Petrified Forest,1987,758082
Petrified Forest,1986,761257
Petrified Forest,1985,736659
Petrified Forest,1984,714761
Petrified Forest,1983,708512
Petrified Forest,1982,710619
Petrified Forest,1981,747832
Petrified Forest,1980,683121
Petrified Forest,1979,671583
Pinnacles,2019,177224
Pinnacles,2018,222152
Pinnacles,2017,233334
Pinnacles,2016,215555
Pinnacles,2015,206533
Pinnacles,2014,196635
Pinnacles,2013,237677
Pinnacles,2012,224476
Pinnacles,2011,393219
Pinnacles,2010,246575
Pinnacles,2009,171112
Pinnacles,2008,166988
Pinnacles,2007,161019
Pinnacles,2006,158824
Pinnacles,2005,170994
Pinnacles,2004,157397
Pinnacles,2003,162791
Pinnacles,2002,162266
Pinnacles,2001,178243
Pinnacles,2000,162110
Pinnacles,1999,164854
Pinnacles,1998,94639
Pinnacles,1997,171971
Pinnacles,1996,164465
Pinnacles,1995,177527
Pinnacles,1994,172642
Pinnacles,1993,194757
Pinnacles,1992,191683
Pinnacles,1991,192610
Pinnacles,1990,214268
Pinnacles,1989,218601
Pinnacles,1988,212094
Pinnacles,1987,204705
Pinnacles,1986,198236
Pinnacles,1985,191578
Pinnacles,1984,166258
Pinnacles,1983,170631
Pinnacles,1982,171026
Pinnacles,1981,155205
Pinnacles,1980,163626
Pinnacles,1979,153717
Redwood,2019,504722
Redwood,2018,482536
Redwood,2017,445000
Redwood,2016,536297
Redwood,2015,527143
Redwood,2014,429166
Redwood,2013,393364
Redwood,2012,352517
Redwood,2011,380167
Redwood,2010,418820
Redwood,2009,444426
Redwood,2008,396899
Redwood,2007,385171
Redwood,2006,383780
Redwood,2005,394144
Redwood,2004,392029
Redwood,2003,408126
Redwood,2002,404789
Redwood,2001,388352
Redwood,2000,383253
Redwood,1999,369726
Redwood,1998,383188
Redwood,1997,382488
Redwood,1996,426938
Redwood,1995,552464
Redwood,1994,475033
Redwood,1993,421027
Redwood,1992,387781
Redwood,1991,366280
Redwood,1990,348458
Redwood,1989,654115
Redwood,1988,677135
Redwood,1987,610897
Redwood,1986,567849
Redwood,1985,505791
Redwood,1984,467155
Redwood,1983,473711
Redwood,1982,467126
Redwood,1981,549461
Redwood,1980,471710
Redwood,1979,413917
Rocky Mountain,2019,4670053
Rocky Mountain,2018,4590493
Rocky Mountain,2017,4437215
Rocky Mountain,2016,4517585
Rocky Mountain,2015,4155916
Rocky Mountain,2014,3434751
Rocky Mountain,2013,2991141
Rocky Mountain,2012,3229617
Rocky Mountain,2011,3176941
Rocky Mountain,2010,2955821
Rocky Mountain,2009,2822325
Rocky Mountain,2008,2757390
Rocky Mountain,2007,2895383
Rocky Mountain,2006,2743676
Rocky Mountain,2005,2798368
Rocky Mountain,2004,2781899
Rocky Mountain,2003,3067256
Rocky Mountain,2002,2988475
Rocky Mountain,2001,3139685
Rocky Mountain,2000,3185392
Rocky Mountain,1999,3186323
Rocky Mountain,1998,3035422
Rocky Mountain,1997,2965354
Rocky Mountain,1996,2923755
Rocky Mountain,1995,2878169
Rocky Mountain,1994,2968450
Rocky Mountain,1993,2780342
Rocky Mountain,1992,2788868
Rocky Mountain,1991,2751781
Rocky Mountain,1990,2647323
Rocky Mountain,1989,2502915
Rocky Mountain,1988,2544211
Rocky Mountain,1987,2531864
Rocky Mountain,1986,2408234
Rocky Mountain,1985,2248854
Rocky Mountain,1984,2231448
Rocky Mountain,1983,2599006
Rocky Mountain,1982,2564116
Rocky Mountain,1981,2911242
Rocky Mountain,1980,2641937
Rocky Mountain,1979,2568530
Saguaro,2019,1020226
Saguaro,2018,957405
Saguaro,2017,964760
Saguaro,2016,820426
Saguaro,2015,753446
Saguaro,2014,673572
Saguaro,2013,678261
Saguaro,2012,634286
Saguaro,2011,610045
Saguaro,2010,717614
Saguaro,2009,665234
Saguaro,2008,699137
Saguaro,2007,658477
Saguaro,2006,619983
Saguaro,2005,727208
Saguaro,2004,651464
Saguaro,2003,643697
Saguaro,2002,615045
Saguaro,2001,725874
Saguaro,2000,765195
Saguaro,1999,749014
Saguaro,1998,716160
Saguaro,1997,739410
Saguaro,1996,671643
Saguaro,1995,732813
Saguaro,1994,768685
Saguaro,1993,828267
Saguaro,1992,810059
Saguaro,1991,679034
Saguaro,1990,702328
Saguaro,1989,706191
Saguaro,1988,675397
Saguaro,1987,689933
Saguaro,1986,613651
Saguaro,1985,636711
Saguaro,1984,699292
Saguaro,1983,634688
Saguaro,1982,566807
Saguaro,1981,470598
Saguaro,1980,611317
Saguaro,1979,566486
Sequoia,2019,1246053
Sequoia,2018,1229594
Sequoia,2017,1291256
Sequoia,2016,1254688
Sequoia,2015,1097464
Sequoia,2014,1039137
Sequoia,2013,909274
Sequoia,2012,1106584
Sequoia,2011,1006583
Sequoia,2010,1002979
Sequoia,2009,965170
Sequoia,2008,930011
Sequoia,2007,979537
Sequoia,2006,954507
Sequoia,2005,1004843
Sequoia,2004,1000177
Sequoia,2003,979297
Sequoia,2002,920292
Sequoia,2001,870327
Sequoia,2000,838947
Sequoia,1999,873229
Sequoia,1998,861303
Sequoia,1997,1008931
Sequoia,1996,838060
Sequoia,1995,844582
Sequoia,1994,1034133
Sequoia,1993,1066552
Sequoia,1992,961095
Sequoia,1991,1120278
Sequoia,1990,1063538
Sequoia,1989,1056020
Sequoia,1988,1031129
Sequoia,1987,1139389
Sequoia,1986,1056527
Sequoia,1985,939468
Sequoia,1984,979632
Sequoia,1983,854233
Sequoia,1982,1020500
Sequoia,1981,1083002
Sequoia,1980,862397
Sequoia,1979,799576
Shenandoah,2019,1425507
Shenandoah,2018,1264880
Shenandoah,2017,1458874
Shenandoah,2016,1437341
Shenandoah,2015,1321873
Shenandoah,2014,1255321
Shenandoah,2013,1136505
Shenandoah,2012,1210200
Shenandoah,2011,1209883
Shenandoah,2010,1253386
Shenandoah,2009,1120981
Shenandoah,2008,1075878
Shenandoah,2007,1107227
Shenandoah,2006,1076150
Shenandoah,2005,1094912
Shenandoah,2004,1261000
Shenandoah,2003,1163950
Shenandoah,2002,1389244
Shenandoah,2001,1498561
Shenandoah,2000,1419579
Shenandoah,1999,1339286
Shenandoah,1998,1473100
Shenandoah,1997,1587790
Shenandoah,1996,1571019
Shenandoah,1995,1757794
Shenandoah,1994,1926883
Shenandoah,1993,1951366
Shenandoah,1992,1822193
Shenandoah,1991,1939486
Shenandoah,1990,1771780
Shenandoah,1989,1873817
Shenandoah,1988,1937155
Shenandoah,1987,1767727
Shenandoah,1986,1843985
Shenandoah,1985,1933085
Shenandoah,1984,1869307
Shenandoah,1983,1768378
Shenandoah,1982,1751972
Shenandoah,1981,1819546
Shenandoah,1980,1699228
Shenandoah,1979,1521451
Theodore Roosevelt,2019,691658
Theodore Roosevelt,2018,749389
Theodore Roosevelt,2017,708003
Theodore Roosevelt,2016,753880
Theodore Roosevelt,2015,580033
Theodore Roosevelt,2014,559580
Theodore Roosevelt,2013,545090
Theodore Roosevelt,2012,640555
Theodore Roosevelt,2011,563407
Theodore Roosevelt,2010,623748
Theodore Roosevelt,2009,586928
Theodore Roosevelt,2008,516804
Theodore Roosevelt,2007,456588
Theodore Roosevelt,2006,435359
Theodore Roosevelt,2005,493198
Theodore Roosevelt,2004,474589
Theodore Roosevelt,2003,490295
Theodore Roosevelt,2002,471551
Theodore Roosevelt,2001,446609
Theodore Roosevelt,2000,431813
Theodore Roosevelt,1999,431311
Theodore Roosevelt,1998,448286
Theodore Roosevelt,1997,393265
Theodore Roosevelt,1996,436081
Theodore Roosevelt,1995,460699
Theodore Roosevelt,1994,505349
Theodore Roosevelt,1993,475160
Theodore Roosevelt,1992,475937
Theodore Roosevelt,1991,468926
Theodore Roosevelt,1990,460718
Theodore Roosevelt,1989,459171
Theodore Roosevelt,1988,413527
Theodore Roosevelt,1987,424846
Theodore Roosevelt,1986,390553
Theodore Roosevelt,1985,377152
Theodore Roosevelt,1984,361139
Theodore Roosevelt,1983,415118
Theodore Roosevelt,1982,677014
Theodore Roosevelt,1981,702873
Theodore Roosevelt,1980,595734
Theodore Roosevelt,1979,591646
Virgin Islands,2019,133398
Virgin Islands,2018,112287
Virgin Islands,2017,304408
Virgin Islands,2016,411343
Virgin Islands,2015,438372
Virgin Islands,2014,426930
Virgin Islands,2013,438601
Virgin Islands,2012,483341
Virgin Islands,2011,442414
Virgin Islands,2010,493477
Virgin Islands,2009,415847
Virgin Islands,2008,469034
Virgin Islands,2007,571382
Virgin Islands,2006,677289
Virgin Islands,2005,803040
Virgin Islands,2004,793590
Virgin Islands,2003,821681
Virgin Islands,2002,693494
Virgin Islands,2001,677401
Virgin Islands,2000,703992
Virgin Islands,1999,425345
Virgin Islands,1998,556849
Virgin Islands,1997,592537
Virgin Islands,1996,475942
Virgin Islands,1995,536058
Virgin Islands,1994,635291
Virgin Islands,1993,807093
Virgin Islands,1992,772470
Virgin Islands,1991,710180
Virgin Islands,1990,664735
Virgin Islands,1989,664032
Virgin Islands,1988,838684
Virgin Islands,1987,785354
Virgin Islands,1986,766458
Virgin Islands,1985,699398
Virgin Islands,1984,666435
Virgin Islands,1983,676800
Virgin Islands,1982,673480
Virgin Islands,1981,566528
Virgin Islands,1980,547918
Virgin Islands,1979,549732
Voyageurs,2019,232974
Voyageurs,2018,239656
Voyageurs,2017,237250
Voyageurs,2016,241912
Voyageurs,2015,238313
Voyageurs,2014,239160
Voyageurs,2013,233390
Voyageurs,2012,214841
Voyageurs,2011,177184
Voyageurs,2010,253891
Voyageurs,2009,222429
Voyageurs,2008,221585
Voyageurs,2007,220650
Voyageurs,2006,231875
Voyageurs,2005,234577
Voyageurs,2004,249041
Voyageurs,2003,234231
Voyageurs,2002,238227
Voyageurs,2001,243374
Voyageurs,2000,227371
Voyageurs,1999,228898
Voyageurs,1998,231958
Voyageurs,1997,223418
Voyageurs,1996,246588
Voyageurs,1995,210938
Voyageurs,1994,224181
Voyageurs,1993,228143
Voyageurs,1992,227498
Voyageurs,1991,221857
Voyageurs,1990,223554
Voyageurs,1989,209626
Voyageurs,1988,223735
Voyageurs,1987,201727
Voyageurs,1986,172137
Voyageurs,1985,183984
Voyageurs,1984,154723
Voyageurs,1983,146454
Voyageurs,1982,143724
Voyageurs,1981,257490
Voyageurs,1980,266935
Voyageurs,1979,195277
White Sands,2019,608785
White Sands,2018,603008
White Sands,2017,612468
White Sands,2016,555793
White Sands,2015,497506
White Sands,2014,503660
White Sands,2013,490544
White Sands,2012,447385
White Sands,2011,428924
White Sands,2010,470921
White Sands,2009,471167
White Sands,2008,438511
White Sands,2007,437042
White Sands,2006,440927
White Sands,2005,450447
White Sands,2004,448185
White Sands,2003,492008
White Sands,2002,498964
White Sands,2001,518958
White Sands,2000,515229
White Sands,1999,553948
White Sands,1998,592957
White Sands,1997,629507
White Sands,1996,616699
White Sands,1995,604796
White Sands,1994,583061
White Sands,1993,611252
White Sands,1992,590371
White Sands,1991,588543
White Sands,1990,582487
White Sands,1989,568530
White Sands,1988,556185
White Sands,1987,567613
White Sands,1986,666879
White Sands,1985,486754
White Sands,1984,542930
White Sands,1983,492902
White Sands,1982,543581
White Sands,1981,556494
White Sands,1980,511476
White Sands,1979,580814
Wind Cave,2019,615350
Wind Cave,2018,656397
Wind Cave,2017,619924
Wind Cave,2016,617377
Wind Cave,2015,612198
Wind Cave,2014,547022
Wind Cave,2013,516142
Wind Cave,2012,529083
Wind Cave,2011,538394
Wind Cave,2010,577141
Wind Cave,2009,587868
Wind Cave,2008,573433
Wind Cave,2007,603158
Wind Cave,2006,591049
Wind Cave,2005,612478
Wind Cave,2004,593877
Wind Cave,2003,874167
Wind Cave,2002,810298
Wind Cave,2001,650357
Wind Cave,2000,668507
Wind Cave,1999,761717
Wind Cave,1998,849974
Wind Cave,1997,832033
Wind Cave,1996,781171
Wind Cave,1995,805688
Wind Cave,1994,871061
Wind Cave,1993,537075
Wind Cave,1992,660296
Wind Cave,1991,597057
Wind Cave,1990,586464
Wind Cave,1989,561758
Wind Cave,1988,578016
Wind Cave,1987,563720
Wind Cave,1986,483334
Wind Cave,1985,477585
Wind Cave,1984,536022
Wind Cave,1983,503739
Wind Cave,1982,467392
Wind Cave,1981,503424
Wind Cave,1980,473061
Wind Cave,1979,457443
Wrangell St. Elias,2019,74518
Wrangell St. Elias,2018,79450
Wrangell St. Elias,2017,68292
Wrangell St. Elias,2016,79047
Wrangell St. Elias,2015,80366
Wrangell St. Elias,2014,74722
Wrangell St. Elias,2013,69984
Wrangell St. Elias,2012,87158
Wrangell St. Elias,2011,65225
Wrangell St. Elias,2010,73170
Wrangell St. Elias,2009,59966
Wrangell St. Elias,2008,65693
Wrangell St. Elias,2007,61085
Wrangell St. Elias,2006,50336
Wrangell St. Elias,2005,56224
Wrangell St. Elias,2004,57221
Wrangell St. Elias,2003,43311
Wrangell St. Elias,2002,40352
Wrangell St. Elias,2001,28643
Wrangell St. Elias,2000,28331
Wrangell St. Elias,1999,29252
Wrangell St. Elias,1998,27859
Wrangell St. Elias,1997,31833
Wrangell St. Elias,1996,31467
Wrangell St. Elias,1995,54430
Wrangell St. Elias,1994,50146
Wrangell St. Elias,1993,45335
Wrangell St. Elias,1992,42229
Wrangell St. Elias,1991,38971
Wrangell St. Elias,1990,35976
Wrangell St. Elias,1989,33221
Wrangell St. Elias,1988,31046
Wrangell St. Elias,1987,29191
Wrangell St. Elias,1986,26557
Wrangell St. Elias,1985,23171
Wrangell St. Elias,1984,22183
Wrangell St. Elias,1983,18760
Wrangell St. Elias,1982,14871
Yellowstone,2019,4020288
Yellowstone,2018,4115000
Yellowstone,2017,4116524
Yellowstone,2016,4257177
Yellowstone,2015,4097710
Yellowstone,2014,3513484
Yellowstone,2013,3188030
Yellowstone,2012,3447729
Yellowstone,2011,3394326
Yellowstone,2010,3640185
Yellowstone,2009,3295187
Yellowstone,2008,3066580
Yellowstone,2007,3151343
Yellowstone,2006,2870295
Yellowstone,2005,2835651
Yellowstone,2004,2868317
Yellowstone,2003,3019375
Yellowstone,2002,2973677
Yellowstone,2001,2758526
Yellowstone,2000,2838233
Yellowstone,1999,3131381
Yellowstone,1998,3120830
Yellowstone,1997,2889513
Yellowstone,1996,3012171
Yellowstone,1995,3125285
Yellowstone,1994,3046145
Yellowstone,1993,2912193
Yellowstone,1992,3144405
Yellowstone,1991,2920537
Yellowstone,1990,2823572
Yellowstone,1989,2644442
Yellowstone,1988,2182113
Yellowstone,1987,2573194
Yellowstone,1986,2363756
Yellowstone,1985,2226159
Yellowstone,1984,2222027
Yellowstone,1983,2347242
Yellowstone,1982,2368897
Yellowstone,1981,2521831
Yellowstone,1980,2000269
Yellowstone,1979,1892908
Yosemite,2019,4422861
Yosemite,2018,4009436
Yosemite,2017,4336890
Yosemite,2016,5028868
Yosemite,2015,4150217
Yosemite,2014,3882642
Yosemite,2013,3691191
Yosemite,2012,3853404
Yosemite,2011,3951393
Yosemite,2010,3901408
Yosemite,2009,3737472
Yosemite,2008,3431514
Yosemite,2007,3503428
Yosemite,2006,3242644
Yosemite,2005,3304144
Yosemite,2004,3280911
Yosemite,2003,3378664
Yosemite,2002,3361867
Yosemite,2001,3368731
Yosemite,2000,3400903
Yosemite,1999,3493607
Yosemite,1998,3657132
Yosemite,1997,3669970
Yosemite,1996,4046207
Yosemite,1995,3958406
Yosemite,1994,3962117
Yosemite,1993,3839645
Yosemite,1992,3819518
Yosemite,1991,3423101
Yosemite,1990,3124939
Yosemite,1989,3308159
Yosemite,1988,3216681
Yosemite,1987,3152275
Yosemite,1986,2876717
Yosemite,1985,2831952
Yosemite,1984,2738467
Yosemite,1983,2457464
Yosemite,1982,2415587
Yosemite,1981,2516893
Yosemite,1980,2490282
Yosemite,1979,2350782
Zion,2019,4488268
Zion,2018,4320033
Zion,2017,4504812
Zion,2016,4295127
Zion,2015,3648846
Zion,2014,3189696
Zion,2013,2807387
Zion,2012,2973607
Zion,2011,2825505
Zion,2010,2665972
Zion,2009,2735402
Zion,2008,2690154
Zion,2007,2657281
Zion,2006,2567350
Zion,2005,2586665
Zion,2004,2677342
Zion,2003,2458792
Zion,2002,2592545
Zion,2001,2217779
Zion,2000,2432348
Zion,1999,2449664
Zion,1998,2370048
Zion,1997,2445534
Zion,1996,2498001
Zion,1995,2430162
Zion,1994,2270871
Zion,1993,2392580
Zion,1992,2390626
Zion,1991,2236997
Zion,1990,2102400
Zion,1989,1998856
Zion,1988,1948332
Zion,1987,1777619
Zion,1986,1670503
Zion,1985,1503272
Zion,1984,1377254
Zion,1983,1273030
Zion,1982,1246290
Zion,1981,1288808
Zion,1980,1123846
Zion,1979,1040528
